cores, intel, gnu, 
1, 1.0, 0.4457573354480571, 
11, 1.0, 0.4443959877889228, 
22, 1.0, 0.44812554489973844, 
33, 1.0, 0.4485006518904824, 
44, 1.0, 0.45217391304347826, 
56, 1.0, 0.45916114790286977, 
67, 1.0, 0.46174142480211083, 
78, 1.0, 0.4754601226993865, 
89, 1.0, 0.4843205574912892, 
100, 1.0, 0.49019607843137253, 
112, 1.0, 0.537117903930131, 
