cores, intel, gnu, 
1, 1.0, 1.1037808641975309, 
11, 1.0, 1.0528422738190553, 
22, 1.0, 0.8791208791208791, 
33, 1.0, 0.9706336939721792, 
44, 1.0, 0.8381679389312977, 
56, 1.0, 0.8353552859618717, 
67, 1.0, 0.946, 
78, 1.0, 0.8939096267190569, 
89, 1.0, 0.8864970645792564, 
100, 1.0, 0.9798387096774194, 
112, 1.0, 1.355191256830601, 
