cores, intel, gnu, 
1, 1.0, 1.3489183531053734, 
11, 1.0, 1.3474088291746642, 
22, 1.0, 1.3574144486692015, 
33, 1.0, 1.3615819209039548, 
44, 1.0, 1.3805970149253732, 
56, 1.0, 1.3981481481481481, 
67, 1.0, 1.3870967741935485, 
78, 1.0, 1.5, 
89, 1.0, 1.5352112676056338, 
100, 1.0, 1.4545454545454546, 
112, 1.0, 1.6818181818181819, 
