cores, intel, gnu, 
1, 1.0, 0.2807479843827437, 
11, 1.0, 0.31244263799659105, 
22, 1.0, 0.3241147583354872, 
33, 1.0, 0.31861438903692424, 
44, 1.0, 0.31315657828914456, 
56, 1.0, 0.30701754385964913, 
67, 1.0, 0.3076923076923077, 
78, 1.0, 0.32784041630529054, 
89, 1.0, 0.3519607843137255, 
100, 1.0, 0.3962882096069869, 
112, 1.0, 0.45126353790613716, 
